{
	"linear": [0.7670333333333332, 48.26],
	"gpg_13_ondemand": [2.120111370111352e-05, -0.010314627039627027, 1.583392126392127, 49.00097902097905],
	"gpg_13_ondemand_linear": [0.7486757575757578, 60.465909090909086],
	"gpg_14_performance": [2.976560476560505e-05, -0.01055419580419587, 1.500831131831135, 51.75289044289049],
	"gpg_14_performance_linear": [0.7216363636363639, 61.95848484848483],
	"gpg_14_powersave": [-1.612276612276791e-06, -0.004015695415695406, 0.9829405594405596, 49.289160839160864],
	"gpg_14_powersave_linear": [0.5664090909090908, 55.61742424242428],
	"gpg_15_performance": [1.10839160839165e-05, -0.008064724164724252, 1.5371985236985277, 55.72610722610721],
	"gpg_15_performance_linear": [0.8335848484848487, 65.72833333333334],
	"gpg_15_powersave": [-3.1598031598030393e-06, -0.004507808857808884, 1.161149313649315, 52.835780885780885],
	"gpg_15_powersave_linear": [0.6810454545454548, 60.19469696969696],
	"gpg_16_ondemand": [2.1170681170680637e-05, -0.008939510489510433, 1.3387931882931874, 46.50426573426577],
	"gpg_16_ondemand_linear": [0.6413060606060605, 55.91227272727273],
	"gpg_22_performance": [0.0007414795389795361, -0.13460499222999192, 8.232617586117582, 131.4333566433568],
	"gpg_22_performance_linear": [1.6530484848484859, 193.20121212121217],
	"gpg_22_powersave": [0.0008557536907536887, -0.15424075369075355, 9.282093240093246, 110.46752913752906],
	"gpg_22_powersave_linear": [1.7994121212121201, 180.0912121212122],
	"baseline": [0.11875, 0]
}
