{
	"ramses": {
		"tdp_per_core": 7.03125,
		"system_cores": 64,
		"cpu_model": "AMD EPYC 7543P 32-Core Processor",
		"memory": 128,
		"default": {
			"mem_draw": 0.392,
			"min_watts": 75.52666666666667,
			"max_watts": 220.81000000000003,
			"linear": [ 1.3027060606060608, 91.45954545454548 ],
			"quadratic": [-0.01, 4.01, 50.01]
		}
	},
    
	"thanos": {
		"tdp_per_core": 7.8125,
		"system_cores": 64,
		"cpu_model": "AMD Ryzen Threadripper 2990WX 32-Core Processor",
		"memory": 128,
		"default": {
			"mem_draw": 0.392,
			"min_watts": 58.21,
			"max_watts": 348.86,
			"linear": [ 1.905330303030304, 100.63257575757578 ],
			"quadratic": [-0.02332, 4.42125, 51.32497]
		}
	}
}