{
	"test": {
		"default": {
			"tdp_per_core": 10.0,
			"system_cores": 8,
			"mem_draw": 0.392,
			"linear": [ 0.5711151515151512, 54.82666666666669 ],
			"min_watts": 20.0,
			"max_watts": 100.0,
			"cpu_model": "Test Model"
		}
	}
}