{
	"gpgnode-04": {
  		"conservative": {"mem_draw": 0.37890625, "linear": [ 0.6670636363636365, 54.34015151515153 ], "min_watts": 45.72, "max_watts": 112.08333333333333},
  		"ondemand": {"mem_draw": 0.3777083333333333, "linear": [ 0.6416181818181819, 56.50303030303031 ], "min_watts": 45.72666666666667, "max_watts": 112.83666666666666},
  		"performance": {"mem_draw": 0.38690104166666667, "linear": [ 0.6349000000000004, 56.94560606060606 ], "min_watts": 47.14333333333334, "max_watts": 112.49333333333334},
  		"powersave": {"mem_draw": 0.38283854166666664, "linear": [ 0.4994393939393942, 51.34590909090909 ], "min_watts": 45.60666666666666, "max_watts": 94.69333333333333},
  		"schedutil": {"mem_draw": 0.3875, "linear": [ 0.6390727272727276, 56.6190909090909 ], "min_watts": 45.76333333333333, "max_watts": 112.54},
  		"userspace": {"mem_draw": 0.3857291666666667, "linear": [ 0.4966939393939396, 51.421060606060614 ], "min_watts": 45.60999999999999, "max_watts": 94.62},
		"tdp_per_core": 11.875,
		"system_cores": 32,
		"memory": 64,
		"cpu_model": "Intel Xeon E5-2640",
		"cpu_count": 2,
		"memory_model": "Smart Modular 8GB DDR3-1866 ECC Registered RDIMM",
		"memory_slots": 8
	},
	"gpgnode-05": {
		"conservative": {"mem_draw": 0.359375, "linear": [ 0.8576575757575763, 63.10257575757577 ], "min_watts": 52.65, "max_watts": 137.07666666666668},
  		"ondemand": {"mem_draw": 0.35955729166666667, "linear": [ 0.839369696969697, 64.83848484848487 ], "min_watts": 52.696666666666665, "max_watts": 137.54},
  		"performance": {"mem_draw": 0.367265625, "linear": [ 0.8197575757575758, 66.08727272727273 ], "min_watts": 55.18000000000001, "max_watts": 137.5633333333333},
		"powersave": {"mem_draw": 0.36338541666666674, "linear": [ 0.6874454545454549, 60.56803030303032 ], "min_watts": 52.330000000000005, "max_watts": 119.76666666666667},
  		"schedutil": {"mem_draw": 0.3663020833333333, "linear": [ 0.8374606060606065, 64.66757575757575 ], "min_watts": 52.48666666666666, "max_watts": 137.50333333333333},
  		"userspace": {"mem_draw": 0.3623697916666666, "linear": [ 0.6842727272727273, 60.45151515151516 ], "min_watts": 52.44333333333333, "max_watts": 119.95},
  		"tdp_per_core": 11.875,
		"system_cores": 32,
		"memory": 64,
		"cpu_model": "Intel Xeon E5-2640",
		"cpu_count": 2,
		"memory_model": "Smart Modular 8GB DDR3-1866 ECC Registered RDIMM",
		"memory_slots": 8
	},
	"gpgnode-06": {
		"conservative": {"mem_draw": 0.3885416666666666, "linear": [ 0.5608333333333335, 50.48409090909092 ], "min_watts": 42.916666666666664, "max_watts": 98.99},
		"ondemand": {"mem_draw": 0.3890364583333333, "linear": [ 0.5371424242424245, 52.409545454545466 ], "min_watts": 42.98333333333333, "max_watts": 98.68333333333332},
		"performance": {"mem_draw": 0.3970052083333333, "linear": [ 0.5215636363636366, 53.216060606060594 ], "min_watts": 44.556666666666665, "max_watts": 98.73666666666666},
		"powersave": {"mem_draw": 0.391171875, "linear": [ 0.41715757575757584, 47.96848484848486 ], "min_watts": 42.916666666666664, "max_watts": 84.03666666666668},
		"schedutil": {"mem_draw": 0.3941406250000001, "linear": [ 0.5396787878787882, 52.357272727272736 ], "min_watts": 42.89666666666667, "max_watts": 98.80333333333333},
		"userspace": {"mem_draw": 0.396171875, "linear": [ 0.41583636363636395, 48.05818181818183 ], "min_watts": 42.90333333333333, "max_watts": 84.21},
		"tdp_per_core": 11.875,
		"system_cores": 32,
		"memory": 64,
		"cpu_model": "Intel Xeon E5-2640",
		"cpu_count": 2,
		"memory_model": "Smart Modular 8GB DDR3-1866 ECC Registered RDIMM",
		"memory_slots": 8
	},
	"gpgnode-07": {
		"conservative": {"mem_draw": 0.33544270833333334, "linear": [ 0.5362818181818182, 49.611363636363656 ], "min_watts": 42.36, "max_watts": 95.89},
		"ondemand": {"mem_draw": 0.335703125, "linear": [ 0.5140242424242422, 51.43818181818184 ], "min_watts": 42.36666666666667, "max_watts": 96.10333333333334},
		"performance": {"mem_draw": 0.34565104166666666, "linear": [ 0.5057969696969696, 52.16439393939396 ], "min_watts": 43.78333333333334, "max_watts": 96.21666666666665},
		"powersave": {"mem_draw": 0.3423958333333334, "linear": [ 0.40262121212121205, 47.23469696969697 ], "min_watts": 42.32, "max_watts": 82.49333333333333},
		"schedutil": {"mem_draw": 0.347734375, "linear": [ 0.5156090909090912, 51.37530303030301 ], "min_watts": 42.35999999999999, "max_watts": 96.07333333333334},
		"userspace": {"mem_draw": 0.3434635416666667, "linear": [ 0.400548484848485, 47.25893939393938 ], "min_watts": 42.339999999999996, "max_watts": 82.33},		
		"tdp_per_core": 11.875,
		"system_cores": 32,
		"memory": 64,
		"cpu_model": "Intel Xeon E5-2640",
		"cpu_count": 2,
		"memory_model": "Smart Modular 8GB DDR3-1866 ECC Registered RDIMM",
		"memory_slots": 8
	},
	"gpgnode-08": {
		"conservative": {"mem_draw": 0.35182291666666665, "linear": [ 0.5454818181818184, 49.187121212121184 ], "min_watts": 42.169999999999995, "max_watts": 95.87666666666667},
		"ondemand": {"mem_draw": 0.352265625, "linear": [ 0.5168909090909092, 51.470303030303036 ], "min_watts": 42.193333333333335, "max_watts": 95.87333333333333},
		"performance": {"mem_draw": 0.3608854166666667, "linear": [ 0.511587878787879, 51.87515151515153 ], "min_watts": 43.699999999999996, "max_watts": 96.18333333333334},
		"powersave": {"mem_draw": 0.3594270833333333, "linear": [ 0.4020909090909091, 47.03333333333335 ], "min_watts": 42.17, "max_watts": 81.89},
		"schedutil": {"mem_draw": 0.3503645833333333, "linear": [ 0.5154303030303036, 51.55636363636362 ], "min_watts": 42.18333333333333, "max_watts": 95.84000000000002},
		"userspace": {"mem_draw": 0.35640625000000004, "linear": [ 0.40359090909090894, 46.875303030303044 ], "min_watts": 42.15333333333333, "max_watts": 82.36},
  		"tdp_per_core": 11.875,
		"system_cores": 32,
		"memory": 64,
		"cpu_model": "Intel Xeon E5-2640",
		"cpu_count": 2,
		"memory_model": "Smart Modular 8GB DDR3-1866 ECC Registered RDIMM",
		"memory_slots": 8
	},
	"gpgnode-13": {
		"powersave": {
			"mem_draw": 0.40752604166666667,
			"linear": [ 0.5711151515151512, 54.82666666666669 ],
			"min_watts": 48.166666666666664,
			"max_watts": 104.88666666666666
		}, 
		"performance": {
			"mem_draw": 0.40921874999999996,
			"linear": [ 0.7379060606060608, 61.03712121212123 ],
			"min_watts": 49.379999999999995,
			"max_watts": 124.93333333333334
		},
		"tdp_per_core": 11.875,
		"system_cores": 32,
		"cpu_model": "Intel Xeon E5-2640",
		"cpu_count": 2,
		"memory_model": "Smart Modular 8GB DDR3-1866 ECC Registered RDIMM",
		"memory_slots": 8
	}, 
	"gpgnode-14": {
		"powersave": {
			"mem_draw": 0.35888020833333334,
			"linear": [ 0.5664090909090908, 55.61742424242428 ],
			"min_watts": 49.413333333333334,
			"max_watts": 105.60666666666667
		}, 
		"performance": {
			"mem_draw": 0.36736979166666667,
			"linear": [ 0.7216363636363639, 61.95848484848483 ],
			"min_watts": 50.56666666666666,
			"max_watts": 125.25
		},
		"tdp_per_core": 11.875,
		"system_cores": 32,
		"cpu_model": "Intel Xeon E5-2640",
		"cpu_count": 2,
		"memory_model": "Smart Modular 8GB DDR3-1866 ECC Registered RDIMM",
		"memory_slots": 8
	}, 
	"gpgnode-15": {
		"powersave": {
			"mem_draw": 0.40458333333333335,
			"linear": [ 0.6810454545454548, 60.19469696969696 ],
			"min_watts": 52.949999999999996,
			"max_watts": 120.30333333333334
		}, 
		"performance": {
			"mem_draw": 0.4091666666666667,
			"linear": [ 0.8335848484848487, 65.72833333333334 ],
			"min_watts": 54.88666666666666,
			"max_watts": 138.81666666666666
		},
		"tdp_per_core": 11.875,
		"system_cores": 32,
		"cpu_model": "Intel Xeon E5-2640",
		"cpu_count": 2,
		"memory_model": "Smart Modular 8GB DDR3-1866 ECC Registered RDIMM",
		"memory_slots": 8
	}, 
	"gpgnode-22": {
		"powersave": {
			"mem_draw": 0.016041666666666666,
			"linear": [ 1.7994121212121201, 180.0912121212122 ],
			"min_watts": 94.77333333333333,
			"max_watts": 347.1433333333334
		}, 
		"performance": {
			"mem_draw": 0.016953125,