{
	"gpg13": {
		"powersave": {
			"tdp_per_core": 11.875,
			"system_cores": 32,
			"mem_draw": 0.40752604166666667,
			"linear": [ 0.5711151515151512, 54.82666666666669 ],
			"min_watts": 48.166666666666664,
			"max_watts": 104.88666666666666
		}, 
		"performance": {
			"tdp_per_core": 11.875,
			"system_cores": 32,
			"mem_draw": 0.40921874999999996,
			"linear": [ 0.7379060606060608, 61.03712121212123 ],
			"min_watts": 49.379999999999995,
			"max_watts": 124.93333333333334
		}
	}, 
	"gpg14": {
		"powersave": {
			"tdp_per_core": 11.875,
			"system_cores": 32,
			"mem_draw": 0.35888020833333334,
			"linear": [ 0.5664090909090908, 55.61742424242428 ],
			"min_watts": 49.413333333333334,
			"max_watts": 105.60666666666667
		}, 
		"performance": {
			"tdp_per_core": 11.875,
			"system_cores": 32,
			"mem_draw": 0.36736979166666667,
			"linear": [ 0.7216363636363639, 61.95848484848483 ],
			"min_watts": 50.56666666666666,
			"max_watts": 125.25
		}
	}, 
	"gpg15": {
		"powersave": {
			"tdp_per_core": 11.875,
			"system_cores": 32,
			"mem_draw": 0.40458333333333335,
			"linear": [ 0.6810454545454548, 60.19469696969696 ],
			"min_watts": 52.949999999999996,
			"max_watts": 120.30333333333334
		}, 
		"performance": {
			"tdp_per_core": 11.875,
			"system_cores": 32,
			"mem_draw": 0.4091666666666667,
			"linear": [ 0.8335848484848487, 65.72833333333334 ],
			"min_watts": 54.88666666666666,
			"max_watts": 138.81666666666666
		}
	}, 
	"gpg22": {
		"powersave": {
			"tdp_per_core": 11.5625,
			"system_cores": 64,
			"mem_draw": 0.016041666666666666,
			"linear": [ 1.7994121212121201, 180.0912121212122 ],
			"min_watts": 94.77333333333333,
			"max_watts": 347.1433333333334
		}, 
		"performance": {
			"tdp_per_core": 11.5625,
			"system_cores": 64,
			"mem_draw": 0.016953125,
			"linear": [ 1.6530484848484859, 193.20121212121217 ],
			"min_watts": 117.37,
			"max_watts": 345.76666666666665
		}
	}, 
	"server": {
		"default": {
			"tdp_per_core": 4.375,
			"system_cores": 16,
			"min_watts": 35,
			"max_watts": 123,
			"mem_draw": 0.392
		},
		"powersave": {
			"tdp_per_core": 4.375,
			"system_cores": 16,
			"mem_draw": 0.056302083333333336,
			"linear": [ 0.2478060606060606, 16.653939393939392 ],
			"min_watts": 2.9933333333333336,
			"max_watts": 39.223333333333336
		}, 
		"performance": {
			"tdp_per_core": 4.375,
			"system_cores": 16,
			"mem_draw": 0.057708333333333334,
			"linear": [ 0.08846666666666675, 29.430909090909093 ],
			"min_watts": 19.656666666666666,
			"max_watts": 43.86666666666667
		}
	},
	"clusterb": {
		"default": {
			"tdp_per_core": 7.5,
			"system_cores": 32,
			"mem_draw": 0.392,
			"min_watts": 113,
			"max_watts": 262 
		}
	},
	"hu26": {
		"default": {
			"tdp_per_core": 8.4375,
			"system_cores": 32,
			"mem_draw": 0.392,
			"min_watts": 80,
			"max_watts": 135
        },
        "powersave": {
			"tdp_per_core": 8.4375,
			"system_cores": 32,
			"mem_draw": 0.05203125,
			"linear": [ 0.190339393939394, 43.47333333333334 ],
			"min_watts": 39.81333333333333,
			"max_watts": 60.05666666666667
        },
        "performance": {
			"tdp_per_core": 8.4375,
			"system_cores": 32,
			"mem_draw": 0.06839192708333333,
			"linear": [ 0.6224515151515154, 87.76863636363638 ],
			"min_watts": 73.09666666666668,
			"max_watts": 139.26666666666668
        }
	}
}